Year,Total_Sales
2013.0,19199318.883600246
,3490032.8752999958
2012.0,14845275.499700217
2011.0,4086073.8512999965
