ProductName,Total_Sales
"Mountain-200 Black, 38",1636610.9901999985
"Mountain-200 Black, 42",1454003.380399999
"Mountain-200 Silver, 42",1211665.924599999
"Mountain-200 Silver, 38",1211252.3025000002
"Mountain-200 Silver, 46",1181513.5114999993
"Mountain-200 Black, 46",1005377.5049999999
"Road-250 Black, 44",984150.8403000018
"Road-250 Black, 48",836647.5444000018
"Touring-1000 Blue, 60",745482.7157000002
"Road-350-W Yellow, 48",703037.8779000001
