SalesRegion,Total_Sales
Southwest,9517868.831099972
Canada,7285031.085099927
Northwest,6456251.918499976
Central,4004238.5152999936
Southeast,3951638.7688999954
Northeast,3586784.0360999946
France,2582399.1233999957
United Kingdom,2319464.0051999926
Germany,1031464.9383999989
Australia,860985.8757999986
